feature,coefficient,value,contribution
mean_tone,0.08215038257543773,72.1845,0.0760210491210403
total_mentions,-0.07575640513426968,63180.0,0.03846854635701293
total_events,-0.03742520677387915,126360.0,0.02617919993771296
