feature,coefficient,value,contribution
total_events,-0.25019320963143044,35000.0,0.6041877772805315
total_mentions,0.26557722927687266,12000.0,-0.47834534996176437
mean_tone,0.13778221289468234,71.0,0.048632989667795626
