feature,coefficient,value,contribution
total_mentions,-0.07575640513426968,75000.0,0.015919114827279077
mean_tone,0.08215038257543773,70.0,-0.013474695580660875
total_events,-0.03742520677387915,150000.0,0.009445218605250279
